customer_id,email,age,gender,country,customer_since,total_orders,total_items,total_revenue,avg_item_price,last_order_date,first_order_date,days_since_last_order,customer_lifespan_days,cancellation_rate,avg_order_value,order_density,avg_days_between_orders,purchase_interval_std,monthly_order_rate,revenue_per_day,favorite_category,favorite_department,favorite_brand,recency_segment,frequency_segment,safe_lifespan,log_total_revenue,log_avg_order_value,log_total_orders,segment,anomaly_flag,business_segment,action,channel,offer
63421,ernestmarquez@example.net,69,M,Brasil,2023-08-26,4,7,1667.99,238.28,2026-03-11,2024-06-06,108,643,0.25,417.0,0.0062,214.33333333333334,253.6638195197205,0.18662519440124417,2.5940746500777605,Active,Men,Alpha Industries,Cooling,Occasional,643,7.419973932032142,6.035481432524756,1.6094379124341003,1,1,Anomaly,no_action,none,0
14997,jesusstanton@example.org,22,M,China,2023-04-23,4,6,1573.94,262.32,2025-06-08,2023-08-19,384,659,0.5,393.48,0.0061,219.66666666666669,306.8620754236883,0.1820940819423369,2.3883763277693477,Outerwear & Coats,Men,Carhartt,Dormant,Occasional,659,7.361972455295996,5.977568441915871,1.6094379124341003,1,1,Anomaly,no_action,none,0
6329,jasonwilliams@example.org,25,M,China,2022-01-11,4,6,1539.48,256.58,2026-02-04,2022-07-31,143,1284,0.25,384.87,0.0031,428.0,324.5288893149576,0.09345794392523366,1.1989719626168225,Jeans,Men,Calvin Klein Jeans,Cooling,Occasional,1284,7.3398493351546525,5.955500525174395,1.6094379124341003,1,1,Anomaly,no_action,none,0
39504,franciswiley@example.org,26,M,United States,2024-04-07,3,7,1487.11,212.44,2026-05-14,2024-09-08,44,613,0.0,495.7,0.0049,306.5,297.6919548795365,0.1468189233278956,2.425954323001631,Jeans,Men,7 For All Mankind,Warm,Occasional,613,7.305262137391922,6.207986222113305,1.3862943611198906,1,1,Anomaly,no_action,none,0
32816,leonardramos@example.net,39,M,France,2021-04-03,2,5,1475.32,295.06,2025-06-02,2022-01-20,390,1229,0.0,737.66,0.0016,1229.0,,0.04882017900732302,1.2004231082180634,Shorts,Men,Alpha Industries,Dormant,Occasional,1229,7.297307783830246,6.604837733887579,1.0986122886681098,1,1,Anomaly,no_action,none,0
75188,ryangriffin@example.com,39,M,United States,2019-12-07,3,4,1459.95,364.99,2025-03-23,2020-07-16,461,1711,0.3333,486.65,0.0018,855.5,1045.8109293749037,0.052600818234950324,0.8532729398012858,Jeans,Men,A:X Armani Exchange,Dormant,Occasional,1711,7.286842188030236,6.189597935418024,1.3862943611198906,1,1,Anomaly,no_action,none,0
16853,crystalchandler@example.net,49,F,China,2021-04-23,4,9,1391.88,154.65,2023-06-15,2021-06-07,1108,738,0.0,347.97,0.0054,246.0,192.63177308014377,0.16260162601626016,1.8860162601626018,Maternity,Women,Catherine Malandrino,Dormant,Occasional,738,7.239128825058343,5.854985958622278,1.6094379124341003,1,1,Anomaly,no_action,none,0
62077,coreywu@example.net,22,M,Japan,2021-06-11,4,5,1373.44,274.69,2023-09-01,2023-08-08,1030,24,0.0,343.36,0.1667,8.0,6.082762530298219,4.0,45.781333333333336,Active,Men,Harley-Davidson,Dormant,Occasional,30,7.225801654415337,5.841687621789754,1.6094379124341003,3,1,Anomaly,no_action,none,0
11172,chasewinters@example.org,32,M,United States,2025-10-28,2,6,1368.07,228.01,2025-12-15,2025-12-05,194,10,0.5,684.04,0.2,10.0,,2.0,45.602333333333334,Shorts,Men,Element,Dormant,Occasional,30,7.2218869561945365,6.529477230717936,1.0986122886681098,3,1,Anomaly,no_action,none,0
45560,jackperkins@example.net,62,M,Brasil,2022-11-14,3,6,1356.89,226.15,2025-04-12,2023-06-27,441,655,0.3333,452.3,0.0046,327.5,72.8319984622144,0.13740458015267176,2.071587786259542,Outerwear & Coats,Men,CATAWBA,Dormant,Occasional,655,7.213687303365091,6.116554157946804,1.3862943611198906,1,1,Anomaly,no_action,none,0
59187,robertsanford@example.com,60,M,United States,2020-12-10,4,6,1356.82,226.14,2024-04-26,2021-02-28,792,1153,0.25,339.21,0.0035,384.3333333333333,70.26616065598955,0.10407632263660019,1.1767736339982653,Tops & Tees,Men,Columbia,Dormant,Occasional,1153,7.213635751468891,5.829563074003591,1.6094379124341003,1,1,Anomaly,no_action,none,0
4318,shanesavage@example.org,59,M,China,2021-12-17,4,8,1354.23,169.28,2026-04-20,2023-08-16,68,978,0.5,338.56,0.0041,326.0,260.7374158037162,0.12269938650306748,1.3846932515337425,Suits & Sport Coats,Men,Bolzano,Warm,Occasional,978,7.211726460606727,5.827650661869767,1.6094379124341003,1,1,Anomaly,no_action,none,0
12568,brendagardner@example.net,64,F,Germany,2023-12-29,2,7,1349.77,192.82,2026-05-10,2025-02-12,48,452,0.0,674.88,0.0044,452.0,,0.13274336283185842,2.986216814159292,Blazers & Jackets,Women,Allegra K,Warm,Occasional,452,7.208430079203491,6.516015545492449,1.0986122886681098,1,1,Anomaly,no_action,none,0
99218,gabrielfletcher@example.net,32,M,United States,2021-07-21,3,6,1338.77,223.13,2026-04-19,2024-03-16,69,764,0.0,446.26,0.0039,382.0,431.335136523794,0.11780104712041886,1.7523167539267015,Sleep & Lounge,Men,Alexander Del Rossa,Warm,Occasional,764,7.200253236421775,6.103140080998571,1.3862943611198906,1,1,Anomaly,no_action,none,0
58988,amandamckinney@example.com,21,F,Brasil,2019-10-07,4,8,1326.32,165.79,2026-01-20,2020-02-19,158,2162,0.25,331.58,0.0019,720.6666666666667,653.4113048710844,0.05550416281221092,0.6134690101757632,Outerwear & Coats,Women,7 For All Mankind,Cooling,Occasional,2162,7.190917150702163,5.806880432659768,1.6094379124341003,1,1,Anomaly,no_action,none,0
89606,katherinehunter@example.org,13,F,Brasil,2024-04-22,3,5,1317.49,263.5,2025-12-05,2024-09-22,204,439,0.0,439.16,0.0068,219.5,193.04015126392747,0.2050113895216401,3.001116173120729,Outerwear & Coats,Women,Kenneth Cole,Dormant,Occasional,439,7.184242421388395,6.087138297176264,1.3862943611198906,1,1,Anomaly,no_action,none,0
33870,josewright@example.org,57,M,South Korea,2020-05-06,4,6,1314.42,219.07,2025-02-08,2023-05-19,504,631,0.25,328.6,0.0063,210.33333333333334,276.8435177737296,0.19017432646592708,2.0830744849445324,Outerwear & Coats,Men,Allegra K,Dormant,Occasional,631,7.181911285252196,5.797879798035317,1.6094379124341003,1,1,Anomaly,no_action,none,0
22855,josephlee@example.com,18,M,France,2023-07-02,3,6,1302.97,217.16,2026-04-21,2026-01-31,67,80,0.0,434.32,0.0375,40.0,14.142135623730951,1.125,16.287125,Active,Men,Element,Warm,Occasional,80,7.173168736086984,6.076081392827861,1.3862943611198906,1,1,Anomaly,no_action,none,0
85521,christophermoore@example.org,26,M,Brasil,2019-09-10,4,6,1302.18,217.03,2026-06-15,2020-03-22,12,2276,0.0,325.55,0.0018,758.6666666666666,615.194549173945,0.05272407732864675,0.5721353251318102,Outerwear & Coats,Men,Alpha Industries,Active,Occasional,2276,7.17256271033152,5.788583076348666,1.6094379124341003,1,1,Anomaly,no_action,none,0
99329,matthewclark@example.org,38,M,Brasil,2021-08-19,4,6,1294.93,215.82,2025-07-07,2023-08-08,355,699,0.25,323.73,0.0057,233.0,158.61588823317794,0.17167381974248927,1.852546494992847,Sweaters,Men,Columbia,Dormant,Occasional,699,7.166983863107822,5.782994067818966,1.6094379124341003,1,1,Anomaly,no_action,none,0
57053,georgemonroe@example.org,56,M,China,2025-10-02,3,5,1283.95,256.79,2026-04-13,2025-10-18,75,177,0.3333,427.98,0.0169,88.5,109.60155108391487,0.5084745762711864,7.253954802259887,Outerwear & Coats,Men,A:X Armani Exchange,Warm,Occasional,177,7.15847508606645,6.061410297794649,1.3862943611198906,1,1,Anomaly,no_action,none,0
1610,carlosthompson@example.net,19,M,Belgium,2025-04-19,2,5,1278.89,255.78,2026-04-24,2026-01-22,64,92,0.0,639.44,0.0217,92.0,,0.6521739130434783,13.900978260869566,Accessories,Men,Armani Jeans,Warm,Occasional,92,7.154529415720824,6.462155440133854,1.0986122886681098,1,1,Anomaly,no_action,none,0
40962,williamgutierrez@example.com,51,M,Japan,2023-01-06,4,7,1276.74,182.39,2025-10-25,2023-10-02,245,754,0.25,319.19,0.0053,251.33333333333334,202.6285600139658,0.15915119363395225,1.693289124668435,Accessories,Men,Nautica,Dormant,Occasional,754,7.152848171360671,5.768914569593983,1.6094379124341003,1,1,Anomaly,no_action,none,0
12315,nathanielbrown@example.com,38,M,Japan,2021-12-02,2,5,1273.45,254.69,2024-02-14,2022-05-09,864,646,0.0,636.72,0.0031,646.0,,0.09287925696594426,1.9712848297213623,Accessories,Men,Klondike Sterling,Dormant,Occasional,646,7.150269991975604,6.457899315539165,1.0986122886681098,1,1,Anomaly,no_action,none,0
59276,robertmiller@example.com,23,M,China,2019-01-03,4,10,1271.29,127.13,2023-04-24,2019-02-26,1160,1518,0.5,317.82,0.0026,506.0,419.4246058590269,0.07905138339920949,0.8374769433465086,Jeans,Men,Ben Sherman,Dormant,Occasional,1518,7.148573705336268,5.764626680205501,1.6094379124341003,1,1,Anomaly,no_action,none,0
69492,phillipramos@example.com,56,M,China,2020-07-27,4,6,1266.99,211.16,2024-12-29,2020-09-15,545,1566,0.0,316.75,0.0026,522.0,326.0076686214605,0.07662835249042145,0.8090613026819924,Outerwear & Coats,Men,Calvin Klein,Dormant,Occasional,1566,7.145188248530742,5.761264910069563,1.6094379124341003,1,1,Anomaly,no_action,none,0
17200,haroldbrown@example.net,61,M,Belgium,2025-08-03,2,4,1261.97,315.49,2025-09-28,2025-08-23,272,36,0.0,630.98,0.0556,36.0,,1.6666666666666667,35.054722222222225,Shorts,Men,Dockers,Dormant,Occasional,36,7.141221369099264,6.448857748076506,1.0986122886681098,1,1,Anomaly,no_action,none,0
27853,thomascameron@example.net,41,M,United States,2023-09-28,2,5,1260.49,252.1,2025-10-18,2024-02-11,252,615,0.0,630.25,0.0033,615.0,,0.0975609756097561,2.049577235772358,Outerwear & Coats,Men,Barbour,Dormant,Occasional,615,7.1400488409787455,6.44770198058957,1.0986122886681098,1,1,Anomaly,no_action,none,0
55160,joshuashepherd@example.net,16,M,United States,2021-05-16,3,4,1258.94,314.74,2024-07-23,2021-09-17,704,1040,0.0,419.65,0.0029,520.0,103.23759005323593,0.08653846153846155,1.2105192307692307,Jeans,Men,Alpha Industries,Dormant,Occasional,1040,7.138819379764082,6.041801133996823,1.3862943611198906,1,1,Anomaly,no_action,none,0
11453,jeffreysimmons@example.com,43,M,United States,2019-06-17,2,4,1257.62,314.41,2022-08-21,2020-11-28,1406,631,0.5,628.81,0.0032,631.0,,0.09508716323296354,1.9930586370839936,Jeans,Men,American Essentials,Dormant,Occasional,631,7.137771161638753,6.445418186597395,1.0986122886681098,1,1,Anomaly,no_action,none,0
79623,robertsanders@example.net,38,M,Spain,2021-06-15,4,7,1255.93,179.42,2026-04-22,2021-07-27,66,1730,0.0,313.98,0.0023,576.6666666666666,369.09799963334035,0.06936416184971099,0.725971098265896,Pants,Men,Arc'teryx,Warm,Occasional,1730,7.136427518893225,5.752509144746434,1.6094379124341003,1,1,Anomaly,no_action,none,0
36095,williamhammond@example.org,51,M,China,2021-06-03,2,2,1255.0,627.5,2022-10-14,2021-06-21,1352,480,0.0,627.5,0.0042,480.0,,0.125,2.6145833333333335,Jeans,Men,The North Face,Dormant,Occasional,480,7.135687347028144,6.443336028030302,1.0986122886681098,1,1,Anomaly,no_action,none,0
88922,brandonblack@example.org,53,M,China,2020-02-24,4,10,1236.81,123.68,2026-04-29,2025-04-04,59,390,0.0,309.2,0.0103,130.0,67.08949247087803,0.3076923076923077,3.171307692307692,Outerwear & Coats,Men,Arc'teryx,Warm,Occasional,390,7.121098968122199,5.737217250742439,1.6094379124341003,1,1,Anomaly,no_action,none,0
49097,jeremynichols@example.com,18,M,China,2021-02-04,2,4,1236.25,309.06,2021-07-20,2021-03-04,1803,138,0.0,618.13,0.0145,138.0,,0.4347826086956522,8.958333333333334,Outerwear & Coats,Men,Alpha Industries,Dormant,Occasional,138,7.120646453831996,6.4283152667893795,1.0986122886681098,1,1,Anomaly,no_action,none,0
7003,rickhouston@example.org,33,M,China,2021-08-23,4,5,1231.59,246.32,2024-07-27,2021-11-24,700,976,0.0,307.9,0.0041,325.3333333333333,347.8366474846107,0.12295081967213116,1.2618749999999999,Outerwear & Coats,Men,American Essentials,Dormant,Occasional,976,7.116872925563219,5.733017599924536,1.6094379124341003,1,1,Anomaly,no_action,none,0
4975,valeriemanning@example.com,25,F,China,2025-01-10,4,9,1226.01,136.22,2026-06-06,2025-12-20,21,168,0.25,306.5,0.0238,56.0,38.93584466786357,0.7142857142857143,7.2976785714285715,Blazers & Jackets,Women,Bloom's Outlet,Active,Occasional,168,7.112335594636951,5.728475087246572,1.6094379124341003,1,1,Anomaly,no_action,none,0
11528,kennethconway@example.com,66,M,United States,2020-09-02,3,4,1213.5,303.38,2026-06-04,2023-08-13,23,1026,0.3333,404.5,0.0029,513.0,161.22034611053283,0.08771929824561403,1.182748538011696,Shorts,Men,180s,Active,Occasional,1026,7.102087748442227,6.005120873555468,1.3862943611198906,1,1,Anomaly,no_action,none,0
39594,charlescrawford@example.net,41,M,Brasil,2022-12-01,3,7,1207.18,172.45,2024-05-30,2023-02-01,758,484,0.0,402.39,0.0062,242.0,251.7300141024109,0.18595041322314051,2.4941735537190084,Jeans,Men,7 For All Mankind,Dormant,Occasional,484,7.096870374016893,5.999903835921826,1.3862943611198906,1,1,Anomaly,no_action,none,0
66047,kellymoore@example.net,42,F,Japan,2019-07-04,4,7,1205.27,172.18,2025-11-26,2020-12-31,213,1791,0.25,301.32,0.0022,597.0,694.6761835560508,0.06700167504187604,0.6729592406476829,Outerwear & Coats,Women,Allegra K,Dormant,Occasional,1791,7.095288232826625,5.711486059041233,1.6094379124341003,1,1,Anomaly,no_action,none,0
92326,erinmadden@example.org,35,F,United States,2021-03-01,2,3,1202.98,400.99,2025-04-16,2021-10-13,437,1281,0.0,601.49,0.0016,1281.0,,0.046838407494145196,0.9390944574551132,Active,Women,Icebreaker,Dormant,Occasional,1281,7.093388014435116,6.401071067716696,1.0986122886681098,1,1,Anomaly,no_action,none,0
69200,mikecruz@example.net,43,M,United States,2026-03-27,2,4,1196.56,299.14,2026-05-03,2026-04-22,55,11,0.0,598.28,0.1818,11.0,,2.0,39.88533333333333,Outerwear & Coats,Men,Burk's Bay,Warm,Occasional,30,7.0880414324140215,6.395728934639627,1.0986122886681098,3,1,Anomaly,no_action,none,0
77281,ryanmejia@example.org,27,M,Poland,2019-06-11,2,7,1192.7,170.39,2025-11-24,2024-11-09,215,380,0.0,596.35,0.0053,380.0,,0.15789473684210528,3.138684210526316,Sweaters,Men,Aviator,Dormant,Occasional,380,7.084813006100993,6.392503206263233,1.0986122886681098,1,1,Anomaly,no_action,none,0
86873,karlatucker@example.org,15,F,China,2024-05-25,3,7,1190.89,170.13,2025-09-06,2024-08-29,294,373,0.0,396.96,0.008,186.5,92.63098833543772,0.24128686327077747,3.1927345844504025,Fashion Hoodies & Sweatshirts,Women,Calvin Klein,Dormant,Occasional,373,7.083295561487866,5.9863514977211585,1.3862943611198906,1,1,Anomaly,no_action,none,0
731,joshuablankenship@example.com,30,M,China,2025-08-21,3,6,1189.88,198.31,2026-04-19,2025-11-30,69,140,0.0,396.63,0.0214,70.0,14.142135623730951,0.6428571428571428,8.499142857142857,Outerwear & Coats,Men,Calvin Klein Jeans,Warm,Occasional,140,7.082447808611601,5.9855219246523035,1.3862943611198906,1,1,Anomaly,no_action,none,0
37375,edwardking@example.org,70,M,China,2019-07-26,3,5,1187.42,237.48,2026-06-12,2023-01-09,15,1250,0.0,395.81,0.0024,625.0,715.5920625607861,0.07200000000000001,0.9499360000000001,Shorts,Men,Columbia,Active,Occasional,1250,7.080379972797227,5.983457576706066,1.3862943611198906,1,1,Anomaly,no_action,none,0
41092,jamesmartin@example.org,30,M,South Korea,2025-12-08,3,6,1187.1,197.85,2026-06-07,2026-02-04,20,123,0.0,395.7,0.0244,61.5,40.30508652763321,0.7317073170731708,9.651219512195121,Jeans,Men,Nautica,Active,Occasional,123,7.080110671464242,5.983180327520285,1.3862943611198906,1,1,Anomaly,no_action,none,0
82318,edwinbrooks@example.net,16,M,China,2019-11-12,2,8,1175.17,146.9,2026-06-16,2024-04-20,11,787,0.5,587.59,0.0025,787.0,,0.07623888182973317,1.4932274459974588,Tops & Tees,Men,Bigmansland,Active,Occasional,787,7.070018675834226,6.377729846188519,1.0986122886681098,1,1,Anomaly,no_action,none,0
13292,davidrodriguez@example.com,38,M,United States,2020-06-29,3,7,1174.5,167.79,2024-06-16,2020-11-11,741,1313,0.0,391.5,0.0023,656.5,403.75797205751866,0.06854531607006854,0.8945163747143945,Accessories,Men,Alpinestars,Dormant,Occasional,1313,7.069448867980125,5.972536537222463,1.3862943611198906,1,1,Anomaly,no_action,none,0
12420,larrythomas@example.org,40,M,United Kingdom,2025-09-26,2,5,1167.61,233.52,2026-05-19,2026-04-16,39,33,0.5,583.81,0.0606,33.0,,1.8181818181818181,35.382121212121206,Fashion Hoodies & Sweatshirts,Men,Calvin Klein,Warm,Occasional,33,7.0635702873317125,6.371287008152569,1.0986122886681098,3,1,Anomaly,no_action,none,0
62978,christiannovak@example.com,44,M,South Korea,2019-08-16,3,3,1157.69,385.9,2025-02-09,2025-01-17,503,23,0.0,385.9,0.1304,11.5,6.363961030678928,3.0,38.589666666666666,Suits & Sport Coats,Men,Canada Goose,Dormant,Occasional,30,7.055045335604163,5.9581662617064675,1.3862943611198906,3,1,Anomaly,no_action,none,0
69450,williammiller@example.com,46,M,Brasil,2025-01-03,3,5,1153.94,230.79,2026-03-26,2025-03-03,93,388,0.6667,384.65,0.0077,194.0,28.284271247461902,0.23195876288659795,2.9740721649484536,Sleep & Lounge,Men,Alpha Industries,Cooling,Occasional,388,7.051803673554599,5.954930222380008,1.3862943611198906,1,1,Anomaly,no_action,none,0
11750,stephenmitchell@example.com,31,M,United States,2026-04-11,2,6,1147.53,191.25,2026-06-17,2026-04-25,10,53,0.5,573.76,0.0377,53.0,,1.1320754716981132,21.651509433962264,Fashion Hoodies & Sweatshirts,Men,Eddie Bauer,Active,Occasional,53,7.046238142815432,6.353952562361006,1.0986122886681098,1,1,Anomaly,no_action,none,0
47796,kennethbender@example.org,13,M,Germany,2023-02-20,2,5,1141.99,228.4,2025-01-11,2024-06-04,532,221,0.0,570.99,0.009,221.0,,0.2714932126696833,5.16737556561086,Underwear,Men,Diesel,Dormant,Occasional,221,7.041402914850152,6.349121508709494,1.0986122886681098,1,1,Anomaly,no_action,none,0
48517,christygonzalez@example.net,43,F,Australia,2025-04-20,2,3,1141.0,380.33,2026-04-18,2025-11-06,70,163,0.0,570.5,0.0123,163.0,,0.36809815950920244,7.0,Clothing Sets,Women,Seven7,Warm,Occasional,163,7.040536390215956,6.348264483234865,1.0986122886681098,1,1,Anomaly,no_action,none,0
19251,lesliemiller@example.com,40,M,Germany,2026-03-16,3,5,1138.52,227.7,2026-06-25,2026-03-27,2,90,0.0,379.51,0.0333,45.0,25.45584412271571,1.0,12.650222222222222,Jeans,Men,Champion,Active,Occasional,90,7.0383624000894125,5.941512458165331,1.3862943611198906,1,1,Anomaly,no_action,none,0
27634,colincolon@example.net,31,M,China,2023-01-28,2,3,1132.0,377.33,2025-05-08,2023-12-18,415,507,0.0,566.0,0.0039,507.0,,0.1183431952662722,2.232741617357002,Accessories,Men,J.C. Rags,Dormant,Occasional,507,7.0326242610280065,6.340359303727752,1.0986122886681098,1,1,Anomaly,no_action,none,0
66212,kennethmartin@example.net,42,M,China,2024-08-23,3,7,1131.65,161.66,2026-05-12,2025-05-07,46,370,0.0,377.22,0.0081,185.0,121.62236636408618,0.24324324324324323,3.058513513513514,Active,Men,Allegra K,Warm,Occasional,370,7.032315298917545,5.935476036899127,1.3862943611198906,1,1,Anomaly,no_action,none,0
82699,ryanlewis@example.org,69,M,Brasil,2022-12-24,2,5,1128.99,225.8,2024-10-12,2023-09-04,623,404,0.0,564.49,0.005,404.0,,0.1485148514851485,2.794529702970297,Active,Men,7 For All Mankind,Dormant,Occasional,404,7.029964062109706,6.3376926119338615,1.0986122886681098,1,1,Anomaly,no_action,none,0
98282,carlossimpson@example.org,46,M,United States,2025-09-05,4,4,1121.22,280.31,2026-06-10,2026-01-15,17,146,0.25,280.31,0.0274,48.66666666666667,55.77036249956901,0.8219178082191781,7.67958904109589,Outerwear & Coats,Men,Alpha Industries,Active,Occasional,146,7.0230641452931515,5.639457264099644,1.6094379124341003,1,1,Anomaly,no_action,none,0
87966,johnjohnson@example.org,22,M,China,2022-01-07,2,6,1118.14,186.36,2026-02-25,2025-12-25,122,62,0.0,559.07,0.0323,62.0,,0.9677419354838709,18.03451612903226,Suits & Sport Coats,Men,Dan Smith,Cooling,Occasional,62,7.020315812192989,6.328061775917346,1.0986122886681098,1,1,Anomaly,no_action,none,0
69096,davidwebster@example.com,58,M,United States,2023-10-17,2,3,1116.95,372.32,2026-06-18,2025-11-18,9,212,0.0,558.47,0.0094,212.0,,0.2830188679245283,5.268632075471698,Jeans,Men,7 For All Mankind,Active,Occasional,212,7.0192519299958125,6.326989907011464,1.0986122886681098,1,1,Anomaly,no_action,none,0
99922,tonyaortiz@example.org,47,F,United States,2023-01-16,3,5,1107.1,221.42,2025-07-18,2023-02-11,344,888,0.0,369.03,0.0034,444.0,415.77878733768995,0.10135135135135134,1.2467342342342342,Outerwear & Coats,Women,Allegra K,Dormant,Occasional,888,7.01040211594228,5.913584083432458,1.3862943611198906,1,1,Anomaly,no_action,none,0
52544,samuelturner@example.org,67,M,China,2020-04-13,2,4,1103.9,275.98,2024-12-27,2024-10-02,547,86,0.0,551.95,0.0233,86.0,,0.6976744186046512,12.836046511627908,Outerwear & Coats,Men,Carhartt,Dormant,Occasional,86,7.007510112119129,6.315267581521369,1.0986122886681098,1,1,Anomaly,no_action,none,0
65053,jessicamartin@example.com,45,F,China,2022-10-31,3,5,1098.69,219.74,2025-03-13,2024-01-19,471,419,0.0,366.23,0.0072,209.5,13.435028842544403,0.21479713603818615,2.6221718377088306,Active,Women,Canada Goose,Dormant,Occasional,419,7.0027836008864375,5.9059883547555305,1.3862943611198906,1,1,Anomaly,no_action,none,0
50073,jeffreyolsen@example.net,67,M,Australia,2021-01-15,2,5,1094.83,218.97,2022-12-10,2021-09-11,1295,455,0.5,547.41,0.0044,455.0,,0.13186813186813187,2.40621978021978,Outerwear & Coats,Men,Diesel,Dormant,Occasional,455,6.999267345988189,6.307023182386968,1.0986122886681098,1,1,Anomaly,no_action,none,0
1538,lisagomez@example.com,67,F,China,2022-02-26,2,3,1094.45,364.82,2024-07-10,2023-10-13,717,271,0.0,547.23,0.0074,271.0,,0.22140221402214022,4.038560885608856,Accessories,Women,Catherine Malandrino,Dormant,Occasional,271,6.998920516734229,6.3066949069244345,1.0986122886681098,1,1,Anomaly,no_action,none,0
99870,michaelkennedy@example.net,12,M,Spain,2025-07-25,2,5,1078.95,215.79,2026-05-05,2025-07-30,53,279,0.0,539.48,0.0072,279.0,,0.2150537634408602,3.867204301075269,Shorts,Men,Dockers,Warm,Occasional,279,6.9846700227502625,6.292457633619435,1.0986122886681098,1,1,Anomaly,no_action,none,0
51872,johnnyferguson@example.com,59,M,United States,2020-01-19,2,4,1075.4,268.85,2023-08-12,2022-02-20,1050,538,1.0,537.7,0.0037,538.0,,0.11152416356877323,1.9988847583643123,Accessories,Men,French Connection,Dormant,Occasional,538,6.981377418852751,6.289158829686488,1.0986122886681098,1,1,Anomaly,no_action,none,0
50968,davidcole@example.org,32,M,Brasil,2025-11-13,2,3,1066.5,355.5,2026-04-03,2025-11-22,85,132,0.5,533.25,0.0152,132.0,,0.45454545454545453,8.079545454545455,Accessories,Men,Carrera,Warm,Occasional,132,6.97307474510278,6.280863894199257,1.0986122886681098,1,1,Anomaly,no_action,none,0
42237,howardhart@example.com,41,M,China,2023-07-08,2,3,1064.94,354.98,2024-10-06,2023-10-28,629,344,0.5,532.47,0.0058,344.0,,0.1744186046511628,3.0957558139534886,Outerwear & Coats,Men,Allegra K,Dormant,Occasional,344,6.9716123179634835,6.27940283673334,1.0986122886681098,1,1,Anomaly,no_action,none,0
73567,latoyadiaz@example.com,52,F,Brasil,2022-01-15,4,8,1061.47,132.68,2023-06-13,2022-10-28,1110,228,0.25,265.37,0.0175,76.0,76.54410493303845,0.5263157894736842,4.655570175438597,Blazers & Jackets,Women,Allegra K,Dormant,Occasional,228,6.968351665105831,5.5848863197123455,1.6094379124341003,1,1,Anomaly,no_action,none,0
94015,tammyrobinson@example.org,64,F,United States,2019-02-02,4,5,1060.39,212.08,2024-11-24,2019-06-25,580,1979,0.25,265.1,0.002,659.6666666666666,853.7249752310947,0.0606366851945427,0.5358211217786761,Swim,Women,ASICS,Dormant,Occasional,1979,6.967334648830663,5.583872177983643,1.6094379124341003,1,1,Anomaly,no_action,none,0
31638,raymondjones@example.net,53,M,Germany,2020-06-08,2,6,1059.28,176.55,2026-03-04,2025-10-20,115,135,0.0,529.64,0.0148,135.0,,0.4444444444444444,7.8465185185185184,Swim,Men,Emporio Armani,Cooling,Occasional,135,6.966288303167791,6.274083825217301,1.0986122886681098,1,1,Anomaly,no_action,none,0
11431,gregoryvalenzuela@example.org,50,M,Spain,2025-09-07,4,7,1059.16,151.31,2026-04-16,2025-11-07,72,160,0.25,264.79,0.025,53.333333333333336,80.27660514330022,0.75,6.619750000000001,Fashion Hoodies & Sweatshirts,Men,Blue Marlin,Warm,Occasional,160,6.966175119111531,5.5827065232990245,1.6094379124341003,1,1,Anomaly,no_action,none,0
86835,michaellee@example.org,14,M,China,2019-08-20,2,3,1055.15,351.72,2024-01-15,2020-05-09,894,1346,0.0,527.58,0.0015,1346.0,,0.04457652303120357,0.7839153046062408,Outerwear & Coats,Men,Alpha Industries,Dormant,Occasional,1346,6.962385499633252,6.270194165661738,1.0986122886681098,1,1,Anomaly,no_action,none,0
1644,calebthompson@example.org,47,M,United States,2025-01-31,2,5,1054.99,211.0,2025-12-18,2025-03-30,191,263,0.5,527.5,0.0076,263.0,,0.22813688212927755,4.011368821292776,Tops & Tees,Men,Calvin Klein,Dormant,Occasional,263,6.962233994524399,6.270042805310292,1.0986122886681098,1,1,Anomaly,no_action,none,0
14796,crystalwoodward@example.org,20,F,China,2020-05-11,3,3,1054.5,351.5,2021-08-23,2021-01-01,1769,234,0.3333,351.5,0.0128,117.0,123.03657992645927,0.38461538461538464,4.506410256410256,Outerwear & Coats,Women,American Apparel,Dormant,Occasional,234,6.961769867288376,5.8650506222523235,1.3862943611198906,1,1,Anomaly,no_action,none,0
93370,rebeccamassey@example.org,15,F,China,2025-11-29,4,5,1053.03,210.61,2026-06-24,2026-03-21,3,95,0.75,263.26,0.0421,31.666666666666668,53.12563725107995,1.2631578947368423,11.084526315789473,Fashion Hoodies & Sweatshirts,Women,Arc'teryx,Active,Occasional,95,6.960376191694347,5.576933466986071,1.6094379124341003,1,1,Anomaly,no_action,none,0
29071,timothysolis@example.net,21,M,Germany,2025-06-05,2,4,1048.4,262.1,2026-05-19,2025-06-17,39,336,0.0,524.2,0.006,336.0,,0.17857142857142858,3.1202380952380957,Jeans,Men,Gregg Homme,Warm,Occasional,336,6.955973851252612,6.263779142428641,1.0986122886681098,1,1,Anomaly,no_action,none,0
57296,johncole@example.org,37,M,Japan,2023-07-18,2,4,1045.04,261.26,2024-07-19,2023-12-11,708,221,0.0,522.52,0.009,221.0,,0.2714932126696833,4.72868778280543,Suits & Sport Coats,Men,Diesel,Dormant,Occasional,221,6.952766884811485,6.260575233974327,1.0986122886681098,1,1,Anomaly,no_action,none,0
20367,kevinkeith@example.com,39,M,United States,2020-10-11,2,2,1045.0,522.5,2023-11-07,2021-12-07,963,700,0.0,522.5,0.0029,700.0,,0.08571428571428572,1.4928571428571429,Outerwear & Coats,Men,Nautica,Dormant,Occasional,700,6.952728644624869,6.260537030310592,1.0986122886681098,1,1,Anomaly,no_action,none,0
4574,jaysullivan@example.com,30,M,United States,2023-08-06,2,3,1045.0,348.33,2025-08-02,2025-03-20,329,135,0.5,522.5,0.0148,135.0,,0.4444444444444444,7.7407407407407405,Outerwear & Coats,Men,Canada Goose,Dormant,Occasional,135,6.952728644624869,6.260537030310592,1.0986122886681098,1,1,Anomaly,no_action,none,0
58727,annekim@example.net,15,F,United Kingdom,2025-10-28,4,9,1043.57,115.95,2026-06-19,2025-12-29,8,172,0.0,260.89,0.0233,57.33333333333333,36.198526673517165,0.6976744186046512,6.067267441860465,Outerwear & Coats,Women,Adrianna Papell,Active,Occasional,172,6.951360596462858,5.567924568272286,1.6094379124341003,1,1,Anomaly,no_action,none,0
59479,alexanderdecker@example.org,16,M,United States,2024-11-30,2,5,1039.2,207.84,2025-11-08,2025-05-31,231,161,0.0,519.6,0.0124,161.0,,0.3726708074534162,6.454658385093168,Fashion Hoodies & Sweatshirts,Men,Allegra K,Dormant,Occasional,161,6.947168281338972,6.254981992560465,1.0986122886681098,1,1,Anomaly,no_action,none,0
74848,josephellis@example.org,50,M,United States,2019-01-04,2,2,1038.95,519.48,2025-11-19,2019-05-21,220,2374,0.0,519.48,0.0008,2374.0,,0.025273799494524008,0.437636899747262,Outerwear & Coats,Men,Alpha Industries,Dormant,Occasional,2374,6.94692791405661,6.254751462725041,1.0986122886681098,1,1,Anomaly,no_action,none,0
39286,timothyhopkins@example.com,60,M,United States,2024-09-27,2,5,1037.9,207.58,2026-01-30,2025-11-30,148,61,0.0,518.95,0.0328,61.0,,0.9836065573770493,17.014754098360658,Tops & Tees,Men,7 For All Mankind,Cooling,Occasional,61,6.945917740076486,6.253732653106242,1.0986122886681098,1,1,Anomaly,no_action,none,0
32278,davidfrancis@example.net,30,M,Germany,2024-10-27,3,6,1036.6,172.77,2025-09-22,2025-02-28,278,206,0.3333,345.53,0.0146,103.0,137.17871555019022,0.4368932038834952,5.0320388349514555,Socks,Men,Diesel,Dormant,Occasional,206,6.944665633002234,5.847969394968699,1.3862943611198906,1,1,Anomaly,no_action,none,0
74379,kennethwalker@example.net,23,M,United Kingdom,2024-03-04,2,2,1032.99,516.5,2024-08-13,2024-06-30,683,44,0.0,516.5,0.0455,44.0,,1.3636363636363638,23.477045454545454,Fashion Hoodies & Sweatshirts,Men,Haggar,Dormant,Occasional,44,6.941180383841725,6.249009525139524,1.0986122886681098,1,1,Anomaly,no_action,none,0
33344,anthonyneal@example.org,28,M,United States,2020-12-28,3,4,1031.48,257.87,2022-05-27,2021-09-19,1492,250,0.3333,343.83,0.012,125.0,118.79393923933998,0.36,4.12592,Jeans,Men,Matix,Dormant,Occasional,250,6.93971895418753,5.843051541965209,1.3862943611198906,1,1,Anomaly,no_action,none,0
58212,jacobmata@example.net,19,M,United States,2022-12-31,2,4,1029.48,257.37,2025-01-02,2023-05-27,541,586,0.0,514.74,0.0034,586.0,,0.10238907849829351,1.7567918088737202,Active,Men,Andrew Christian,Dormant,Occasional,586,6.937779992087832,6.245602762524415,1.0986122886681098,1,1,Anomaly,no_action,none,0
27848,alyssajohnson@example.net,57,F,China,2020-09-17,2,3,1024.05,341.35,2025-03-07,2024-09-03,477,185,0.0,512.03,0.0108,185.0,,0.3243243243243243,5.535405405405405,Active,Women,Merrell,Dormant,Occasional,185,6.932496670870584,6.240334322993072,1.0986122886681098,1,1,Anomaly,no_action,none,0
27359,alexanderbarnes@example.net,38,M,United States,2024-06-13,4,8,1022.49,127.81,2026-04-30,2025-11-12,58,169,0.5,255.62,0.0237,56.33333333333333,72.95432360959379,0.7100591715976331,6.050236686390533,Jeans,Men,True Religion,Warm,Occasional,169,6.930973634657913,5.547596391466873,1.6094379124341003,1,1,Anomaly,no_action,none,0
52465,lauralawson@example.org,29,F,United States,2019-08-04,2,3,1021.95,340.65,2023-09-18,2020-11-21,1013,1031,0.0,510.98,0.0019,1031.0,,0.058195926285160036,0.9912221144519884,Active,Women,Jones New York,Dormant,Occasional,1031,6.930445888901835,6.238285561776548,1.0986122886681098,1,1,Anomaly,no_action,none,0
23129,sandrabenitez@example.org,47,F,United States,2026-05-16,2,4,1017.67,254.42,2026-06-02,2026-05-25,25,8,0.5,508.84,0.25,8.0,,2.0,33.922333333333334,Active,Women,Anita,Active,Occasional,30,6.926253133864257,6.2340969510060384,1.0986122886681098,3,1,Anomaly,no_action,none,0
73380,jamespayne@example.org,70,M,United States,2023-01-07,4,7,1017.52,145.36,2025-09-23,2025-03-30,277,177,0.0,254.38,0.0226,59.0,42.43819034784589,0.6779661016949152,5.7487005649717515,Suits & Sport Coats,Men,Giorgio Cerruti,Dormant,Occasional,177,6.92610587219473,5.542752631996535,1.6094379124341003,1,1,Anomaly,no_action,none,0
23332,carolynjackson@example.net,21,F,United States,2021-03-10,2,5,1013.96,202.79,2025-10-20,2023-08-29,250,783,0.0,506.98,0.0026,783.0,,0.07662835249042145,1.2949680715197958,Pants & Capris,Women,Allegra K,Dormant,Occasional,783,6.922604481832343,6.23044207672472,1.0986122886681098,1,1,Anomaly,no_action,none,0
76445,zacharybrennan@example.org,24,M,Japan,2019-04-30,2,3,1013.0,337.67,2025-07-29,2023-04-06,333,845,0.0,506.5,0.0024,845.0,,0.07100591715976332,1.1988165680473373,Outerwear & Coats,Men,Canyon Ridge,Dormant,Occasional,845,6.921658184151129,6.229496710915942,1.0986122886681098,1,1,Anomaly,no_action,none,0
49233,thomasmunoz@example.com,27,M,United States,2021-05-27,2,4,1012.48,253.12,2023-01-13,2022-05-28,1261,230,0.0,506.24,0.0087,230.0,,0.2608695652173913,4.402086956521739,Accessories,Men,Calvin Klein,Dormant,Occasional,230,6.921145232100897,6.228984264366699,1.0986122886681098,1,1,Anomaly,no_action,none,0
55937,melissalawson@example.com,37,F,United States,2024-08-14,2,5,1010.89,202.18,2026-01-07,2025-03-14,171,299,0.5,505.45,0.0067,299.0,,0.20066889632107024,3.3809030100334447,Intimates,Women,AnimalShirtsUSA,Cooling,Occasional,299,6.919575148287437,6.227425602132806,1.0986122886681098,1,1,Anomaly,no_action,none,0
82296,travismartinez@example.com,43,M,United Kingdom,2023-06-29,2,5,1009.99,202.0,2024-07-11,2024-04-24,716,78,0.0,504.99,0.0256,78.0,,0.7692307692307692,12.948589743589745,Outerwear & Coats,Men,Canada Goose,Dormant,Occasional,78,6.9186853277747185,6.226516906246328,1.0986122886681098,1,1,Anomaly,no_action,none,0
41056,willienichols@example.com,55,M,China,2019-05-13,4,6,1009.57,168.26,2021-11-15,2020-06-30,1685,503,0.0,252.39,0.008,167.66666666666666,56.58916268450464,0.2385685884691849,2.0070974155069585,Outerwear & Coats,Men,Arc'teryx,Dormant,Occasional,503,6.918269807081746,5.53492980380921,1.6094379124341003,1,1,Anomaly,no_action,none,0
5825,markmartin@example.org,36,M,Brasil,2019-04-07,2,2,1007.95,503.97,2025-05-06,2019-08-19,417,2087,0.0,503.97,0.001,2087.0,,0.028749401054144707,0.4829659798754193,Outerwear & Coats,Men,Cianni,Dormant,Occasional,2087,6.916665465111893,6.224499021570163,1.0986122886681098,1,1,Anomaly,no_action,none,0
24299,lorrainehumphrey@example.net,19,F,China,2019-03-27,3,7,1003.1,143.3,2026-05-06,2020-01-30,52,2288,0.0,334.37,0.0013,1144.0,593.9696961966999,0.039335664335664336,0.4384178321678322,Intimates,Women,Alexander Del Rossa,Warm,Occasional,2288,6.911846896885391,5.815234399950344,1.3862943611198906,1,1,Anomaly,no_action,none,0
39366,hollywolf@example.com,37,F,France,2026-01-29,2,3,1002.0,334.0,2026-04-04,2026-03-02,84,33,0.0,501.0,0.0606,33.0,,1.8181818181818181,30.363636363636363,Jeans,Women,Canada Goose,Warm,Occasional,33,6.910750787961936,6.218600119691729,1.0986122886681098,3,1,Anomaly,no_action,none,0
92655,ryanwhite@example.net,19,M,Brasil,2022-01-31,2,4,1001.94,250.48,2025-03-09,2024-08-27,475,194,0.0,500.97,0.0103,194.0,,0.30927835051546393,5.164639175257732,Jeans,Men,Geoffrey Beene,Dormant,Occasional,194,6.910690965634231,6.218540356949797,1.0986122886681098,1,1,Anomaly,no_action,none,0
93273,michaelalvarado@example.com,12,M,United States,2024-05-30,2,3,998.0,332.67,2026-03-29,2024-06-11,90,656,0.0,499.0,0.003,656.0,,0.09146341463414634,1.521341463414634,Outerwear & Coats,Men,Hanes,Warm,Occasional,656,6.906754778648554,6.214608098422191,1.0986122886681098,1,1,Anomaly,no_action,none,0
20360,andreknight@example.com,47,M,China,2020-01-25,3,3,996.99,332.33,2025-07-07,2021-05-20,355,1509,0.0,332.33,0.002,754.5,850.6494577674167,0.05964214711729623,0.6606958250497018,Accessories,Men,Girbaud,Dormant,Occasional,1509,6.905743256221183,5.809132990264027,1.3862943611198906,1,1,Anomaly,no_action,none,0
77279,richardbenton@example.com,63,M,China,2019-08-15,2,2,992.99,496.49,2020-12-12,2020-06-17,2023,178,0.5,496.49,0.0112,178.0,,0.33707865168539325,5.578595505617978,Fashion Hoodies & Sweatshirts,Men,Ralph Lauren,Dormant,Occasional,178,6.901727146243795,6.209575455894117,1.0986122886681098,1,1,Anomaly,no_action,none,0
1471,mariestone@example.org,25,F,Spain,2020-10-28,2,6,992.87,165.48,2024-08-16,2022-09-22,680,694,0.0,496.44,0.0029,694.0,,0.08645533141210375,1.4306484149855907,Blazers & Jackets,Women,Sutton Studio,Dormant,Occasional,694,6.901606413395259,6.2094749463104435,1.0986122886681098,1,1,Anomaly,no_action,none,0
38829,dylantapia@example.org,61,M,China,2023-04-29,2,3,986.98,328.99,2026-04-28,2023-05-09,60,1085,0.5,493.49,0.0018,1085.0,,0.055299539170506916,0.9096589861751152,Active,Men,Dockers,Warm,Occasional,1085,6.895662454627997,6.2035269284113745,1.0986122886681098,1,1,Anomaly,no_action,none,0
16869,brittneywhite@example.org,66,F,United States,2025-03-27,3,3,986.43,328.81,2025-11-28,2025-08-25,211,95,0.0,328.81,0.0316,47.5,45.96194077712559,0.9473684210526316,10.383473684210525,Outerwear & Coats,Women,Carhartt,Dormant,Occasional,95,6.895105608186791,5.798516731072727,1.3862943611198906,1,1,Anomaly,no_action,none,0
94948,patrickwashington@example.org,45,M,United Kingdom,2025-05-18,3,5,983.76,196.75,2025-12-02,2025-09-14,207,79,0.3333,327.92,0.038,39.5,26.16295090390226,1.139240506329114,12.4526582278481,Outerwear & Coats,Men,J America,Dormant,Occasional,79,6.892397956661095,5.795814560102695,1.3862943611198906,1,1,Anomaly,no_action,none,0
2827,tinadawson@example.net,17,F,France,2025-11-04,4,8,978.95,122.37,2026-03-26,2026-02-06,93,48,0.25,244.74,0.0833,16.0,19.28730152198591,2.5,20.394791666666666,Blazers & Jackets,Women,Coquette,Cooling,Occasional,48,6.8875015499548695,5.504274066439425,1.6094379124341003,3,1,Anomaly,no_action,none,0
55829,larrymccoy@example.org,68,M,Germany,2024-04-13,2,5,977.98,195.6,2026-06-11,2026-01-12,16,150,0.5,488.99,0.0133,150.0,,0.4,6.519866666666667,Outerwear & Coats,Men,Charles River Apparel,Active,Occasional,150,6.886511213312643,6.194384982733157,1.0986122886681098,1,1,Anomaly,no_action,none,0
92696,kevincolon@example.net,13,M,Belgium,2025-02-01,2,3,972.99,324.33,2026-03-25,2025-04-16,94,343,0.0,486.49,0.0058,343.0,,0.1749271137026239,2.8367055393586007,Active,Men,Hurley,Cooling,Occasional,343,6.881401036649378,6.189269777406999,1.0986122886681098,1,1,Anomaly,no_action,none,0
88749,jakehart@example.com,15,M,China,2026-04-01,2,3,972.7,324.23,2026-06-23,2026-04-19,4,65,0.5,486.35,0.0308,65.0,,0.9230769230769231,14.964615384615385,Outerwear & Coats,Men,Diesel,Active,Occasional,65,6.8811032479847105,6.188982550783219,1.0986122886681098,1,1,Anomaly,no_action,none,0
99686,lisamartinez@example.net,20,F,China,2019-04-28,2,4,970.99,242.75,2025-03-04,2022-06-03,480,1005,0.0,485.49,0.002,1005.0,,0.05970149253731343,0.9661592039800995,Intimates,Women,Ed Hardy,Dormant,Occasional,1005,6.879345516341673,6.187216346430219,1.0986122886681098,1,1,Anomaly,no_action,none,0
97482,williamjohnson@example.net,54,M,China,2024-03-01,2,2,968.0,484.0,2025-12-12,2024-05-05,197,586,0.0,484.0,0.0034,586.0,,0.10238907849829351,1.651877133105802,Active,Men,Hurley,Dormant,Occasional,586,6.876264611890766,6.184148890937483,1.0986122886681098,1,1,Anomaly,no_action,none,0
96544,aarondavis@example.org,25,M,Brasil,2021-12-25,2,2,968.0,484.0,2022-11-28,2022-07-09,1307,142,0.0,484.0,0.0141,142.0,,0.4225352112676056,6.816901408450704,Active,Men,The North Face,Dormant,Occasional,142,6.876264611890766,6.184148890937483,1.0986122886681098,1,1,Anomaly,no_action,none,0
21765,matthewmartin@example.com,45,M,China,2023-10-04,2,3,967.5,322.5,2024-08-25,2024-01-09,671,229,0.0,483.75,0.0087,229.0,,0.26200873362445415,4.224890829694323,Active,Men,SockGuy,Dormant,Occasional,229,6.875748482847051,6.183633294122761,1.0986122886681098,1,1,Anomaly,no_action,none,0
87474,elizabethramirez@example.org,41,F,China,2024-03-31,2,4,963.75,240.94,2025-09-21,2024-05-30,279,479,0.5,481.88,0.0042,479.0,,0.12526096033402923,2.0120041753653446,Active,Women,Allegra K,Dormant,Occasional,479,6.871869000417728,6.179768175579484,1.0986122886681098,1,1,Anomaly,no_action,none,0
25342,marktucker@example.com,61,M,China,2025-09-08,4,4,957.94,239.48,2025-12-08,2025-11-18,201,20,0.25,239.48,0.2,6.666666666666667,3.511884584284246,4.0,31.931333333333335,Jeans,Men,Diesel,Dormant,Occasional,30,6.865828507754102,5.482636926004664,1.6094379124341003,3,1,Anomaly,no_action,none,0
19959,thomasmiller@example.com,62,M,Brasil,2023-11-24,4,8,955.59,119.45,2024-05-14,2024-01-17,774,118,0.5,238.9,0.0339,39.333333333333336,22.744962812309307,1.0169491525423728,8.098220338983051,Jeans,Men,2XU,Dormant,Occasional,118,6.863374877501403,5.480222169845649,1.6094379124341003,1,1,Anomaly,no_action,none,0
92683,tonypowell@example.org,41,M,Germany,2020-05-17,2,2,955.45,477.73,2023-08-04,2022-11-22,1058,255,0.5,477.73,0.0078,255.0,,0.23529411764705882,3.7468627450980394,Outerwear & Coats,Men,Hanes,Dormant,Occasional,255,6.863228513598663,6.171136764165318,1.0986122886681098,1,1,Anomaly,no_action,none,0
51635,christopherperkins@example.com,70,M,South Korea,2020-05-17,2,2,952.99,476.5,2022-06-18,2020-08-23,1470,664,0.5,476.5,0.003,664.0,,0.09036144578313253,1.435225903614458,Outerwear & Coats,Men,Carhartt,Dormant,Occasional,664,6.860653189213054,6.168564159920785,1.0986122886681098,1,1,Anomaly,no_action,none,0
68137,edwardmendoza@example.com,17,M,China,2025-03-03,2,2,952.97,476.49,2026-03-23,2025-05-23,96,304,0.0,476.49,0.0066,304.0,,0.19736842105263158,3.1347697368421055,Shorts,Men,Quiksilver,Cooling,Occasional,304,6.860632224412953,6.168543217293113,1.0986122886681098,1,1,Anomaly,no_action,none,0
36123,jamesstephenson@example.com,70,M,United States,2025-07-08,2,2,952.95,476.48,2026-03-21,2026-01-10,98,70,0.0,476.48,0.0286,70.0,,0.8571428571428571,13.61357142857143,Outerwear & Coats,Men,Carhartt,Cooling,Occasional,70,6.86061125917332,6.168522274226838,1.0986122886681098,1,1,Anomaly,no_action,none,0
84316,jeffreyjones@example.org,32,M,Brasil,2022-03-05,2,3,952.94,317.65,2022-10-07,2022-03-08,1359,213,0.5,476.47,0.0094,213.0,,0.28169014084507044,4.473896713615024,Active,Men,Briefly Stated,Dormant,Occasional,213,6.860600776388673,6.168501330721941,1.0986122886681098,1,1,Anomaly,no_action,none,0
59555,brookebutler@example.net,12,F,Australia,2020-08-04,2,2,947.0,473.5,2023-09-02,2020-10-14,1029,1053,0.0,473.5,0.0019,1053.0,,0.05698005698005698,0.899335232668566,Active,Women,Felina,Dormant,Occasional,1053,6.854354502255021,6.162261618049983,1.0986122886681098,1,1,Anomaly,no_action,none,0
7434,tarawoods@example.net,33,F,United States,2021-02-25,2,3,946.38,315.46,2026-03-26,2024-06-18,93,646,0.0,473.19,0.0031,646.0,,0.09287925696594426,1.464984520123839,Jeans,Women,Lorpen,Cooling,Occasional,646,6.8537002798593925,6.161608085260486,1.0986122886681098,1,1,Anomaly,no_action,none,0
10928,johnarias@example.net,54,M,United States,2019-09-15,2,2,944.95,472.48,2024-01-06,2022-02-25,903,680,0.0,472.48,0.0029,680.0,,0.08823529411764705,1.3896323529411765,Outerwear & Coats,Men,Jordan,Dormant,Occasional,680,6.852189713532429,6.160109673085693,1.0986122886681098,1,1,Anomaly,no_action,none,0
30305,samanthaolson@example.com,25,F,China,2019-02-21,2,6,943.97,157.33,2024-08-19,2023-11-03,677,290,0.5,471.98,0.0069,290.0,,0.20689655172413796,3.2550689655172413,Accessories,Women,BGSD,Dormant,Occasional,290,6.851153180958081,6.159053104299872,1.0986122886681098,1,1,Anomaly,no_action,none,0
28556,alecbrown@example.org,46,M,France,2020-09-14,2,2,937.99,469.0,2023-03-11,2020-12-20,1204,811,0.0,469.0,0.0025,811.0,,0.07398273736128236,1.156584463625154,Outerwear & Coats,Men,Diesel,Dormant,Occasional,811,6.844804829524292,6.152732694704104,1.0986122886681098,1,1,Anomaly,no_action,none,0
48418,shaunle@example.com,55,M,China,2020-04-28,2,2,933.86,466.93,2025-05-02,2020-08-16,421,1720,0.0,466.93,0.0012,1720.0,,0.03488372093023256,0.5429418604651163,Outerwear & Coats,Men,Allegra K,Dormant,Occasional,1720,6.840396785457318,6.14831871208097,1.0986122886681098,1,1,Anomaly,no_action,none,0
49266,gregoryfreeman@example.org,59,M,China,2020-11-16,2,5,933.7,186.74,2024-09-17,2023-06-27,648,448,0.5,466.85,0.0045,448.0,,0.13392857142857142,2.084151785714286,Accessories,Men,Etnies,Dormant,Occasional,448,6.840225622188537,6.148147731721922,1.0986122886681098,1,1,Anomaly,no_action,none,0
4556,bonniepowers@example.net,64,F,Brasil,2019-10-03,2,5,932.51,186.5,2025-08-30,2020-12-30,301,1704,0.0,466.26,0.0012,1704.0,,0.035211267605633804,0.5472476525821596,Accessories,Women,Anne Klein,Dormant,Occasional,1704,6.83895167529719,6.1468858479258115,1.0986122886681098,1,1,Anomaly,no_action,none,0
5,kaylamartinez@example.com,52,F,Brasil,2020-04-01,2,3,930.0,310.0,2021-03-05,2020-04-16,1940,323,0.0,465.0,0.0062,323.0,,0.18575851393188852,2.8792569659442724,Intimates,Women,Canada Goose,Dormant,Occasional,323,6.836259277277067,6.144185634125646,1.0986122886681098,1,1,Anomaly,no_action,none,0
12215,caseybowman@example.net,18,M,Brasil,2020-05-22,2,2,927.5,463.75,2024-12-22,2024-08-13,552,131,0.5,463.75,0.0153,131.0,,0.45801526717557256,7.080152671755725,Outerwear & Coats,Men,Jockey,Dormant,Occasional,131,6.833570380792761,6.141499626601553,1.0986122886681098,1,1,Anomaly,no_action,none,0
58180,cherylsmith@example.org,52,F,United States,2020-07-30,2,2,927.0,463.5,2025-08-16,2020-11-07,315,1743,0.0,463.5,0.0011,1743.0,,0.03442340791738382,0.53184165232358,Maternity,Women,Catherine Malandrino,Dormant,Occasional,1743,6.833031732786201,6.140961558253893,1.0986122886681098,1,1,Anomaly,no_action,none,0
26455,aprilstanton@example.com,31,F,China,2020-12-11,2,3,919.0,306.33,2023-12-06,2021-05-10,934,940,0.0,459.5,0.0021,940.0,,0.06382978723404256,0.9776595744680852,Dresses,Women,KAMALIKULTURE,Dormant,Occasional,940,6.824373670043086,6.132312855695361,1.0986122886681098,1,1,Anomaly,no_action,none,0
91131,melindahaney@example.org,38,F,Brasil,2022-05-23,2,2,918.03,459.01,2023-09-26,2023-01-11,1005,258,0.0,459.01,0.0078,258.0,,0.23255813953488372,3.558255813953488,Active,Women,Allegra K,Dormant,Occasional,258,6.823318766001332,6.131248228377284,1.0986122886681098,1,1,Anomaly,no_action,none,0
44924,haydenroberts@example.com,38,M,Japan,2025-06-14,2,2,915.83,457.91,2026-01-04,2025-11-19,174,46,0.0,457.91,0.0435,46.0,,1.3043478260869565,19.909347826086957,Active,Men,Jordan,Cooling,Occasional,46,6.820922067938194,6.128854112403284,1.0986122886681098,1,1,Anomaly,no_action,none,0
12132,austinbaldwin@example.com,19,M,China,2023-08-03,2,2,909.99,454.99,2025-02-22,2023-08-18,490,554,0.0,454.99,0.0036,554.0,,0.10830324909747294,1.6425812274368232,Outerwear & Coats,Men,Diesel,Dormant,Occasional,554,6.814531920251303,6.122470879449363,1.0986122886681098,1,1,Anomaly,no_action,none,0
98492,christinedouglas@example.net,30,F,Germany,2022-10-29,2,4,898.92,224.73,2024-05-11,2023-07-14,777,302,0.5,449.46,0.0066,302.0,,0.19867549668874174,2.9765562913907284,Fashion Hoodies & Sweatshirts,Women,Alfred Dunner,Dormant,Occasional,302,6.80230587048457,6.110269282873232,1.0986122886681098,1,1,Anomaly,no_action,none,0
67950,jasonmiller@example.net,35,M,United States,2019-06-01,2,2,896.0,448.0,2026-04-15,2021-01-17,73,1914,0.0,448.0,0.001,1914.0,,0.031347962382445145,0.46812957157784746,Suits & Sport Coats,Men,Robert Graham,Warm,Occasional,1914,6.799055862058796,6.1070228877422545,1.0986122886681098,1,1,Anomaly,no_action,none,0
4258,geraldgoodman@example.com,58,M,China,2025-08-12,2,7,884.79,126.4,2026-06-26,2026-04-30,1,57,0.0,442.4,0.0351,57.0,,1.0526315789473684,15.522631578947367,Underwear,Men,Fruit of the Loom,Active,Occasional,57,6.7864799021953,6.094472297182211,1.0986122886681098,1,1,Anomaly,no_action,none,0
37866,alfredalexander@example.com,16,M,Brasil,2024-12-26,2,3,878.99,293.0,2026-06-24,2026-04-18,3,67,0.0,439.49,0.0299,67.0,,0.8955223880597015,13.119253731343283,Active,Men,Canada Goose,Active,Occasional,67,6.779910543771322,6.0878877436429555,1.0986122886681098,1,1,Anomaly,no_action,none,0
58731,dianereyes@example.net,35,F,Brasil,2026-04-21,4,11,867.55,78.87,2026-06-20,2026-05-15,7,36,0.0,216.89,0.1111,12.0,4.58257569495584,3.3333333333333335,24.09861111111111,Socks & Hosiery,Women,Arianne,Active,Occasional,36,6.7668251545479325,5.383990348286186,1.6094379124341003,3,1,Anomaly,no_action,none,0
41482,johnsnow@example.net,15,M,Brasil,2021-11-19,2,3,859.91,286.64,2025-11-27,2025-07-02,212,148,0.5,429.96,0.0135,148.0,,0.4054054054054054,5.810202702702703,Active,Men,Canada Goose,Dormant,Occasional,148,6.757989969347405,6.066015278372278,1.0986122886681098,1,1,Anomaly,no_action,none,0
64181,davidpowell@example.org,51,M,United States,2024-12-05,3,8,852.52,106.57,2026-02-20,2025-12-13,127,69,0.0,284.17,0.0435,34.5,16.263455967290593,1.3043478260869565,12.35536231884058,Jeans,Men,Canada Goose,Cooling,Occasional,69,6.749368974883206,5.6530854936665405,1.3862943611198906,1,1,Anomaly,no_action,none,0
57626,angelawiggins@example.net,20,F,United States,2024-10-29,2,3,850.95,283.65,2025-07-22,2025-06-27,340,25,0.0,425.47,0.08,25.0,,2.0,28.365000000000002,Jeans,Women,Canada Goose,Dormant,Occasional,30,6.747527839661248,6.055542024481208,1.0986122886681098,3,1,Anomaly,no_action,none,0
23889,chadward@example.org,60,M,Brasil,2019-06-28,2,5,847.95,169.59,2024-12-08,2020-02-25,566,1748,0.0,423.97,0.0011,1748.0,,0.034324942791762014,0.4850972540045767,Fashion Hoodies & Sweatshirts,Men,Barbour,Dormant,Occasional,1748,6.7440002917620205,6.052018578197656,1.0986122886681098,1,1,Anomaly,no_action,none,0
63778,kevinwagner@example.org,54,M,Japan,2021-12-10,2,5,845.95,169.19,2026-05-12,2023-12-29,46,865,0.0,422.97,0.0023,865.0,,0.06936416184971099,0.9779768786127168,Outerwear & Coats,Men,Alpha Industries,Warm,Occasional,865,6.741641661032391,6.049662698011744,1.0986122886681098,1,1,Anomaly,no_action,none,0
94090,courtneycampbell@example.org,66,F,United States,2023-08-17,2,6,837.71,139.62,2025-02-21,2024-12-21,491,62,0.5,418.86,0.0323,62.0,,0.9677419354838709,13.511451612903226,Tops & Tees,Women,Annalee + Hope,Dormant,Occasional,62,6.731864997133783,6.039921322376176,1.0986122886681098,1,1,Anomaly,no_action,none,0
9188,colleenochoa@example.net,48,F,China,2025-05-01,2,5,837.34,167.47,2026-05-28,2026-01-25,30,123,0.0,418.67,0.0163,123.0,,0.48780487804878053,6.807642276422764,Intimates,Women,Barbour,Active,Occasional,123,6.731423746120393,6.0394686881564486,1.0986122886681098,1,1,Anomaly,no_action,none,0
48153,ronaldking@example.net,17,M,United States,2020-02-05,2,5,820.74,164.15,2022-01-17,2021-09-29,1622,110,0.0,410.37,0.0182,110.0,,0.5454545454545455,7.4612727272727275,Outerwear & Coats,Men,Burnside,Dormant,Occasional,110,6.711424043319083,6.0194930528292625,1.0986122886681098,1,1,Anomaly,no_action,none,0
80999,meganmorris@example.org,38,F,United States,2025-10-28,2,2,819.98,409.99,2026-02-21,2026-02-03,126,18,0.0,409.99,0.1111,18.0,,2.0,27.332666666666668,Blazers & Jackets,Women,Bergama,Cooling,Occasional,30,6.710498748619774,6.01856888329999,1.0986122886681098,3,1,Anomaly,no_action,none,0
44669,andrewfreeman@example.com,44,M,United States,2026-06-13,4,7,815.2,116.46,2026-06-25,2026-06-15,2,10,0.25,203.8,0.4,3.3333333333333335,2.3094010767585034,4.0,27.173333333333336,Sleep & Lounge,Men,Bottoms Out,Active,Occasional,30,6.704659422971705,5.322033893165353,1.6094379124341003,3,1,Anomaly,no_action,none,0
98376,shawnjames@example.net,44,M,China,2020-01-27,2,3,808.28,269.43,2026-04-09,2021-02-01,79,1893,0.0,404.14,0.0011,1893.0,,0.03169572107765452,0.4269836238774432,Jeans,Men,Hanes,Warm,Occasional,1893,6.696144963481601,6.00423268638566,1.0986122886681098,1,1,Anomaly,no_action,none,0
13881,robertcarter@example.com,54,M,China,2025-05-26,2,3,799.36,266.45,2026-06-05,2026-04-22,22,44,0.5,399.68,0.0455,44.0,,1.3636363636363638,18.167272727272728,Accessories,Men,Ben Sherman,Active,Occasional,44,6.6850616264482925,5.993163103743563,1.0986122886681098,1,1,Anomaly,no_action,none,0
30089,alexisscott@example.net,21,F,United States,2019-11-09,2,4,796.99,199.25,2025-07-06,2021-10-24,356,1351,0.0,398.5,0.0015,1351.0,,0.04441154700222058,0.5899259807549964,Maternity,Women,Canada Goose,Dormant,Occasional,1351,6.68209606604297,5.990213765206329,1.0986122886681098,1,1,Anomaly,no_action,none,0
85948,heatherlopez@example.net,52,F,United States,2021-02-14,2,2,793.0,396.5,2025-05-09,2022-02-19,414,1175,0.5,396.5,0.0017,1175.0,,0.05106382978723405,0.6748936170212766,Jeans,Women,Canada Goose,Dormant,Occasional,1175,6.677083461247136,5.985194934094387,1.0986122886681098,1,1,Anomaly,no_action,none,0
51934,malikfox@example.net,32,M,China,2019-03-21,2,5,787.78,157.56,2025-03-07,2019-08-25,477,2021,0.0,393.89,0.001,2021.0,,0.02968827313211282,0.38979713013359724,Sweaters,Men,Faconnable Tailored Denim,Dormant,Occasional,2021,6.670487447997409,5.978607245105426,1.0986122886681098,1,1,Anomaly,no_action,none,0
41622,josephbradford@example.net,23,M,China,2019-11-21,2,5,786.93,157.39,2025-02-25,2020-07-04,487,1697,0.5,393.46,0.0012,1697.0,,0.03535651149086623,0.46371832645845606,Outerwear & Coats,Men,Ben Sherman,Dormant,Occasional,1697,6.66940925342473,5.977517740975357,1.0986122886681098,1,1,Anomaly,no_action,none,0
48666,rickyburgess@example.com,42,M,United States,2025-02-07,2,2,779.95,389.97,2026-05-24,2026-05-16,34,8,0.0,389.97,0.25,8.0,,2.0,25.998333333333335,Outerwear & Coats,Men,Carhartt,Warm,Occasional,30,6.660511127303732,5.9686308306990385,1.0986122886681098,3,1,Anomaly,no_action,none,0
67020,craiglam@example.org,28,M,Brasil,2026-01-24,2,4,772.49,193.12,2026-06-12,2026-04-04,15,69,0.0,386.24,0.029,69.0,,0.8695652173913044,11.195507246376811,Active,Men,Diesel,Active,Occasional,69,6.650912741681328,5.959044655851871,1.0986122886681098,1,1,Anomaly,no_action,none,0
24551,randysmith@example.net,55,M,Spain,2026-04-15,4,5,772.49,154.5,2026-06-18,2026-05-03,9,46,0.0,193.12,0.087,15.333333333333334,19.655363983740756,2.608695652173913,16.793260869565216,Active,Men,Diesel,Active,Occasional,46,6.650912741681328,5.268476524537015,1.6094379124341003,3,1,Anomaly,no_action,none,0
9239,johnnunez@example.org,33,M,China,2019-01-16,2,2,770.0,385.0,2022-07-20,2020-08-11,1438,708,0.0,385.0,0.0028,708.0,,0.0847457627118644,1.0875706214689265,Outerwear & Coats,Men,Nobis,Dormant,Occasional,708,6.647688373563329,5.955837369464831,1.0986122886681098,1,1,Anomaly,no_action,none,0
73786,jamesreyes@example.org,66,M,Brasil,2026-02-20,4,8,764.28,95.54,2026-04-20,2026-03-07,68,44,0.0,191.07,0.0909,14.666666666666666,6.3508529610858835,2.7272727272727275,17.37,Shorts,Men,Alternative,Warm,Occasional,44,6.640241779931987,5.2578598889167605,1.6094379124341003,3,1,Anomaly,no_action,none,0
38346,cindyclark@example.org,51,F,United States,2025-12-28,3,7,760.93,108.7,2026-06-04,2026-05-12,23,23,0.0,253.64,0.1304,11.5,9.192388155425117,3.0,25.36433333333333,Blazers & Jackets,Women,BCBGMAXAZRIA,Active,Occasional,30,6.635854687949874,5.539850782973837,1.3862943611198906,3,1,Anomaly,no_action,none,0
9139,davidalvarez@example.org,61,M,Germany,2026-03-29,2,5,755.89,151.18,2026-05-24,2026-05-14,34,10,0.5,377.95,0.2,10.0,,2.0,25.19633333333333,Outerwear & Coats,Men,Arc'teryx,Warm,Occasional,30,6.629217932442933,5.937404270258038,1.0986122886681098,3,1,Anomaly,no_action,none,0
6567,lindaorr@example.net,65,F,France,2025-05-11,2,2,754.0,377.0,2025-10-14,2025-09-05,256,39,0.0,377.0,0.0513,39.0,,1.5384615384615383,19.333333333333332,Pants & Capris,Women,Panache,Dormant,Occasional,39,6.626717749249025,5.934894195619588,1.0986122886681098,3,1,Anomaly,no_action,none,0
57196,lisaparker@example.net,49,F,China,2026-04-04,2,5,743.0,148.6,2026-06-10,2026-05-02,17,39,0.5,371.5,0.0513,39.0,,1.5384615384615383,19.05128205128205,Dresses,Women,Blue Sky Swimwear,Active,Occasional,39,6.612041034833092,5.920237037819614,1.0986122886681098,3,1,Anomaly,no_action,none,0
20719,leeanderson@example.org,28,M,Spain,2026-04-01,2,5,738.94,147.79,2026-04-28,2026-04-18,60,10,0.5,369.47,0.2,10.0,,2.0,24.631333333333334,Jeans,Men,7 For All Mankind,Warm,Occasional,30,6.606569101829886,5.914772469797841,1.0986122886681098,3,1,Anomaly,no_action,none,0
33558,kendraponce@example.org,26,F,China,2026-03-23,2,2,729.98,364.99,2026-05-22,2026-03-24,36,59,0.0,364.99,0.0339,59.0,,1.0169491525423728,12.372542372881357,Maternity,Women,Canada Goose,Warm,Occasional,59,6.594386099594371,5.902606010623731,1.0986122886681098,1,1,Anomaly,no_action,none,0
37093,samuelramsey@example.net,70,M,Germany,2026-01-28,4,8,726.29,90.79,2026-06-17,2026-04-28,10,50,0.25,181.57,0.08,16.666666666666668,11.150485789118488,2.4,14.525799999999998,Jeans,Men,Altamont,Active,Occasional,50,6.589325297581576,5.207133661125419,1.6094379124341003,3,1,Anomaly,no_action,none,0
73574,josephdavidson@example.org,40,M,Brasil,2023-10-30,3,6,721.38,120.23,2026-05-15,2026-03-24,43,52,0.6667,240.46,0.0577,26.0,25.45584412271571,1.7307692307692306,13.872692307692308,Fashion Hoodies & Sweatshirts,Men,Element,Warm,Occasional,52,6.5825513162267235,5.4867038279042415,1.3862943611198906,3,1,Anomaly,no_action,none,0
90063,ronaldmacdonald@example.net,44,M,United States,2026-04-14,2,8,715.7,89.46,2026-06-21,2026-05-20,6,32,0.0,357.85,0.0625,32.0,,1.875,22.365625,Suits & Sport Coats,Men,Ben Sherman,Active,Occasional,32,6.574657342999874,5.882904473876081,1.0986122886681098,3,1,Anomaly,no_action,none,0
80541,ralphfowler@example.org,39,M,United States,2026-05-21,3,7,698.63,99.8,2026-06-21,2026-06-02,6,19,0.0,232.88,0.1579,9.5,4.949747468305833,3.0,23.287666666666667,Outerwear & Coats,Men,AriZona,Active,Occasional,30,6.55055162387171,5.45480816330747,1.3862943611198906,3,1,Anomaly,no_action,none,0
30328,rebeccadaniel@example.com,62,F,Brasil,2026-05-06,4,8,693.23,86.65,2026-06-23,2026-05-28,4,26,0.0,173.31,0.1538,8.666666666666666,4.509249752822894,4.0,23.107666666666667,Swim,Women,Beauty Night,Active,Occasional,30,6.54280331770569,5.160835323226774,1.6094379124341003,3,1,Anomaly,no_action,none,0
63798,kevincole@example.net,28,M,China,2025-11-08,4,7,689.67,98.52,2026-05-21,2026-04-07,37,44,0.0,172.42,0.0909,14.666666666666666,12.342339054382412,2.7272727272727275,15.674318181818181,Suits & Sport Coats,Men,ANSAI,Warm,Occasional,44,6.537662140954444,5.155716397949014,1.6094379124341003,3,1,Anomaly,no_action,none,0
3320,justinschroeder@example.org,47,M,China,2026-04-27,4,7,680.35,97.19,2026-06-21,2026-05-15,6,37,0.0,170.09,0.1081,12.333333333333332,12.096831541082704,3.243243243243243,18.38783783783784,Socks,Men,Carhartt,Active,Occasional,37,6.52407612419583,5.142189733836557,1.6094379124341003,3,1,Anomaly,no_action,none,0
81476,royjoseph@example.net,14,M,China,2019-06-20,2,3,677.7,225.9,2020-03-31,2020-01-04,2279,87,0.5,338.85,0.023,87.0,,0.6896551724137931,7.789655172413793,Suits & Sport Coats,Men,Joseph Abboud,Dormant,Occasional,87,6.520179203709713,5.828504343792647,1.0986122886681098,1,1,Anomaly,no_action,none,0
91929,ericbradley@example.com,26,M,United States,2019-06-19,2,2,662.9,331.45,2026-05-23,2020-12-03,35,1997,1.0,331.45,0.001,1997.0,,0.030045067601402103,0.33194792188282424,Outerwear & Coats,Men,Arc'teryx,Warm,Occasional,1997,6.498131535725114,5.8064894728484635,1.0986122886681098,1,1,Anomaly,no_action,none,0
8442,elizabethnelson@example.net,38,F,China,2026-01-18,3,6,662.0,110.33,2026-06-10,2026-05-21,17,20,0.3333,220.67,0.15,10.0,0.0,3.0,22.066666666666666,Active,Women,Capezio,Active,Occasional,30,6.4967749901858625,5.401189789468666,1.3862943611198906,3,1,Anomaly,no_action,none,0
6286,keitholiver@example.org,31,M,United States,2026-04-26,4,6,660.49,110.08,2026-06-19,2026-05-15,8,35,0.0,165.12,0.1143,11.666666666666666,8.504900548115383,3.4285714285714284,18.871142857142857,Pants,Men,Coolibar,Active,Occasional,35,6.49449486628277,5.1127104187625525,1.6094379124341003,3,1,Anomaly,no_action,none,0
44676,shawnhart@example.org,14,M,China,2026-04-27,4,6,647.68,107.95,2026-06-09,2026-04-29,18,41,0.0,161.92,0.0976,13.666666666666666,10.692676621563628,2.926829268292683,15.797073170731705,Accessories,Men,Calvin Klein,Active,Occasional,41,6.4749395288511735,5.0932592827802114,1.6094379124341003,3,1,Anomaly,no_action,none,0
53352,marcuswells@example.org,46,M,United States,2026-06-09,4,8,642.19,80.27,2026-06-22,2026-06-10,5,12,0.0,160.55,0.3333,4.0,3.4641016151377544,4.0,21.406333333333336,Socks,Men,AG Adriano Goldschmied,Active,Occasional,30,6.466440170480215,5.084814692270507,1.6094379124341003,3,1,Anomaly,no_action,none,0
95212,nicholasspears@example.com,20,M,United States,2025-10-27,4,9,635.44,70.6,2025-12-29,2025-11-10,180,49,0.0,158.86,0.0816,16.333333333333332,17.039170558842745,2.4489795918367347,12.968163265306124,Socks,Men,Van Heusen,Cooling,Occasional,49,6.455890148039656,5.074298432197873,1.6094379124341003,3,1,Anomaly,no_action,none,0
99216,brettandrews@example.com,42,M,China,2025-07-05,4,8,612.18,76.52,2026-04-19,2026-03-11,69,39,0.0,153.05,0.1026,13.0,10.535653752852738,3.0769230769230766,15.696923076923076,Active,Men,Daniel Buchler,Warm,Occasional,39,6.418658530679712,5.037277225042677,1.6094379124341003,3,1,Anomaly,no_action,none,0
60277,jasonray@example.org,17,M,Brasil,2026-04-05,4,8,601.85,75.23,2026-06-18,2026-05-12,9,37,0.0,150.46,0.1081,12.333333333333334,5.686240703077327,3.243243243243243,16.26621621621622,Pants,Men,C-IN2,Active,Occasional,37,6.40166840956332,5.020321563685677,1.6094379124341003,3,1,Anomaly,no_action,none,0
27136,stephenserrano@example.net,12,M,Belgium,2026-05-21,3,7,601.37,85.91,2026-06-23,2026-06-05,4,18,0.0,200.46,0.1667,9.0,5.656854249492381,3.0,20.045666666666666,Outerwear & Coats,Men,Billionaire Boys Club,Active,Occasional,30,6.40087187444877,5.305590850514535,1.3862943611198906,3,1,Anomaly,no_action,none,0
81363,jamesgarcia@example.net,69,M,France,2023-01-31,2,4,596.98,149.24,2025-06-28,2025-06-15,364,13,0.0,298.49,0.1538,13.0,,2.0,19.899333333333335,Jeans,Men,7 For All Mankind,Dormant,Occasional,30,6.393557308575288,5.702081028016443,1.0986122886681098,3,1,Anomaly,no_action,none,0
93593,valeriesnow@example.org,51,F,Germany,2023-09-30,2,5,594.39,118.88,2024-11-28,2024-11-01,576,27,0.0,297.2,0.0741,27.0,,2.0,19.813,Jeans,Women,Ecoscapes,Dormant,Occasional,30,6.3892166530089884,5.697764402330638,1.0986122886681098,3,1,Anomaly,no_action,none,0
18070,heathercurtis@example.org,40,F,China,2026-06-06,4,9,591.58,65.73,2026-06-23,2026-06-08,4,15,0.25,147.9,0.2667,5.0,3.605551275463989,4.0,19.719333333333335,Tops & Tees,Women,Allegra K,Active,Occasional,30,6.384485884991805,5.003274939689963,1.6094379124341003,3,1,Anomaly,no_action,none,0
74970,toddcisneros@example.net,45,M,United States,2020-09-20,2,7,590.52,84.36,2025-05-27,2025-05-09,396,18,0.0,295.26,0.1111,18.0,,2.0,19.684,Sweaters,Men,Calvin Klein,Dormant,Occasional,30,6.3826954951883215,5.691237447153906,1.0986122886681098,3,1,Anomaly,no_action,none,0
14890,michellekennedy@example.com,53,F,China,2026-04-20,2,5,589.0,117.8,2026-05-24,2026-05-08,34,16,0.0,294.5,0.125,16.0,,2.0,19.633333333333333,Jeans,Women,Citizens of Humanity,Warm,Occasional,30,6.380122536899765,5.688668836846153,1.0986122886681098,3,1,Anomaly,no_action,none,0
1715,craigcook@example.org,56,M,Brasil,2026-02-10,2,5,579.0,115.8,2026-02-28,2026-02-17,119,11,0.0,289.5,0.1818,11.0,,2.0,19.3,Sweaters,Men,A:X Armani Exchange,Cooling,Occasional,30,6.363028103540465,5.671603576291966,1.0986122886681098,3,1,Anomaly,no_action,none,0
443,royvelez@example.com,27,M,China,2026-05-11,4,7,572.7,81.81,2026-06-11,2026-05-16,16,26,0.0,143.17,0.1538,8.666666666666666,3.511884584284246,4.0,19.09,Active,Men,Capezio,Active,Occasional,30,6.352106611607826,4.970993158823812,1.6094379124341003,3,1,Anomaly,no_action,none,0
1083,shannonross@example.net,20,F,China,2026-05-07,4,6,570.73,95.12,2026-06-09,2026-05-09,18,31,0.25,142.68,0.129,10.333333333333332,11.930353445448853,3.8709677419354835,18.410645161290322,Dresses,Women,BCBGMAXAZRIA,Active,Occasional,31,6.348666851967497,4.96758860455389,1.6094379124341003,3,1,Anomaly,no_action,none,0
87081,susancarson@example.net,37,F,China,2026-06-02,4,9,570.58,63.4,2026-06-22,2026-06-09,5,13,0.0,142.65,0.3077,4.333333333333333,3.0550504633038935,4.0,19.019333333333336,Tops & Tees,Women,Allegra K,Active,Occasional,30,6.3484044559404165,4.967379785425298,1.6094379124341003,3,1,Anomaly,no_action,none,0
16192,dianemcdonald@example.com,23,F,China,2026-05-08,4,9,559.23,62.14,2026-06-16,2026-05-28,11,19,0.0,139.81,0.2105,6.333333333333334,8.386497083606084,4.0,18.641000000000002,Swim,Women,Beach Native,Active,Occasional,30,6.328347413694884,4.94741146392922,1.6094379124341003,3,1,Anomaly,no_action,none,0
53844,karenalvarez@example.net,23,F,United States,2026-03-17,4,7,553.95,79.14,2026-05-02,2026-03-29,56,34,0.25,138.49,0.1176,11.333333333333334,4.725815626252609,3.5294117647058822,16.29264705882353,Intimates,Women,7 For All Mankind,Warm,Occasional,34,6.318878019597989,4.937992914104144,1.6094379124341003,3,1,Anomaly,no_action,none,0
83992,judyluna@example.net,14,F,China,2026-02-27,4,4,552.49,138.12,2026-06-20,2026-05-23,7,28,0.25,138.12,0.1429,9.333333333333332,12.741009902410928,4.0,18.416333333333334,Blazers & Jackets,Women,BGSD,Active,Occasional,30,6.316243685138149,4.935336870046028,1.6094379124341003,3,1,Anomaly,no_action,none,0
8840,kevinbowen@example.net,19,M,Brasil,2026-05-10,4,9,548.79,60.98,2026-06-21,2026-05-13,6,39,0.25,137.2,0.1026,13.0,11.789826122551595,3.0769230769230766,14.071538461538461,Sleep & Lounge,Men,BedHead,Active,Occasional,39,6.309536387133576,4.92870191133357,1.6094379124341003,3,1,Anomaly,no_action,none,0
23888,charlessanchez@example.org,13,M,South Korea,2026-03-16,3,5,547.92,109.58,2026-05-22,2026-04-24,36,28,0.0,182.64,0.1071,14.0,4.242640687119285,3.0,18.264,Outerwear & Coats,Men,66 North,Warm,Occasional,30,6.307952711401432,5.212977319381022,1.3862943611198906,3,1,Anomaly,no_action,none,0
31810,ashleywilliams@example.com,51,F,Brasil,2026-03-28,4,7,534.6,76.37,2026-05-26,2026-05-05,32,21,0.25,133.65,0.1905,7.0,7.810249675906655,4.0,17.82,Accessories,Women,Calvin Klein,Warm,Occasional,30,6.283387613817017,4.902678819257608,1.6094379124341003,3,1,Anomaly,no_action,none,0
86268,joshuaortiz@example.org,32,M,China,2020-12-14,2,8,527.5,65.94,2022-12-07,2022-11-13,1298,24,1.0,263.75,0.0833,24.0,,2.0,17.583333333333332,Shorts,Men,ANS,Dormant,Occasional,30,6.270042805310292,5.578785984481516,1.0986122886681098,3,1,Anomaly,no_action,none,0
25077,sheilagood@example.com,19,F,South Korea,2026-06-14,4,5,519.44,103.89,2026-06-26,2026-06-15,1,11,0.25,129.86,0.3636,3.6666666666666665,2.3094010767585034,4.0,17.314666666666668,Sleep & Lounge,Women,A Pea in the Pod,Active,Occasional,30,6.254674607635275,4.874128049441593,1.6094379124341003,3,1,Anomaly,no_action,none,0
66082,bobbyhoward@example.org,36,M,China,2026-04-21,4,9,511.9,56.88,2026-06-14,2026-05-27,13,18,0.0,127.97,0.2222,6.0,4.582575694955841,4.0,17.063333333333333,Active,Men,Calvin Klein,Active,Occasional,30,6.240080894395223,4.8595798191763,1.6094379124341003,3,1,Anomaly,no_action,none,0
57917,williamvelazquez@example.net,57,M,Brasil,2026-04-19,4,8,508.34,63.54,2026-05-21,2026-05-03,37,18,0.0,127.09,0.2222,6.0,3.0,4.0,16.944666666666667,Accessories,Men,Affliction,Warm,Occasional,30,6.233115769977932,4.852733141843045,1.6094379124341003,3,1,Anomaly,no_action,none,0
55581,jessebryant@example.com,42,M,China,2026-04-30,4,6,503.31,83.89,2026-06-15,2026-05-16,12,30,0.0,125.83,0.1333,10.0,10.14889156509222,4.0,16.777,Active,Men,Joseph Abboud,Active,Occasional,30,6.223191158352666,4.842847607079338,1.6094379124341003,3,1,Anomaly,no_action,none,0
64499,wendygilbert@example.net,18,F,Brasil,2025-12-19,4,7,499.48,71.35,2026-04-21,2026-03-24,67,28,0.25,124.87,0.1429,9.333333333333334,5.507570547286102,4.0,16.649333333333335,Fashion Hoodies & Sweatshirts,Women,American Apparel,Warm,Occasional,30,6.215567637916892,4.835249628303414,1.6094379124341003,3,1,Anomaly,no_action,none,0
10250,elizabethlambert@example.org,30,F,Spain,2026-05-21,4,7,473.34,67.62,2026-06-21,2026-06-01,6,20,0.25,118.34,0.2,6.666666666666666,5.8594652770823155,4.0,15.777999999999999,Swim,Women,Cinema Etoile,Active,Occasional,30,6.161924364136748,4.781976562093936,1.6094379124341003,3,1,Anomaly,no_action,none,0
35027,ambercarter@example.com,50,F,China,2026-04-03,4,9,471.43,52.38,2026-05-31,2026-05-12,27,19,0.25,117.86,0.2105,6.333333333333333,1.5275252316519468,4.0,15.714333333333334,Fashion Hoodies & Sweatshirts,Women,Bali,Active,Occasional,30,6.157889587810629,4.777946329938515,1.6094379124341003,3,1,Anomaly,no_action,none,0
86679,huntertodd@example.com,35,M,United States,2026-05-14,4,10,467.39,46.74,2026-06-01,2026-05-14,26,18,0.25,116.85,0.2222,6.0,4.0,4.0,15.579666666666666,Shorts,Men,Allegra K,Active,Occasional,30,6.149301282221539,4.76941262938214,1.6094379124341003,3,1,Anomaly,no_action,none,0
90032,christopherhull@example.com,40,M,Brasil,2026-06-02,4,7,446.43,63.78,2026-06-24,2026-06-13,3,11,0.0,111.61,0.3636,3.666666666666667,2.3094010767585034,4.0,14.881,Sweaters,Men,Bill Blass,Active,Occasional,30,6.1035201008983035,4.723930521708934,1.6094379124341003,3,1,Anomaly,no_action,none,0
63534,walterlee@example.com,61,M,China,2026-05-30,4,13,440.23,33.86,2026-06-24,2026-06-10,3,14,0.25,110.06,0.2857,4.666666666666667,4.725815626252609,4.0,14.674333333333333,Accessories,Men,Carhartt,Active,Occasional,30,6.0895662814412255,4.710070595813461,1.6094379124341003,3,1,Anomaly,no_action,none,0
79972,adamgreer@example.org,37,M,United States,2026-06-15,4,8,437.03,54.63,2026-06-24,2026-06-16,3,8,0.25,109.26,0.5,2.6666666666666665,3.785938897200183,4.0,14.567666666666666,Jeans,Men,Carhartt,Active,Occasional,30,6.082287401181582,4.702841213161538,1.6094379124341003,3,1,Anomaly,no_action,none,0
72882,moniquecampbell@example.com,61,F,United States,2026-01-13,4,7,326.98,46.71,2026-06-13,2026-05-13,14,31,0.25,81.74,0.129,10.333333333333332,7.371114795831994,3.8709677419354835,10.547741935483872,Intimates,Women,Affinitas Intimates,Active,Occasional,31,5.792952630915299,4.4157031610332655,1.6094379124341003,3,1,Anomaly,no_action,none,0
57960,johnharvey@example.org,34,M,Japan,2025-12-08,4,6,320.99,53.5,2026-04-28,2026-03-27,60,32,0.0,80.25,0.125,10.666666666666666,12.42309676905615,3.75,10.0309375,Shorts,Men,Bottoms Out,Warm,Occasional,32,5.774520489161543,4.3975308212098465,1.6094379124341003,3,1,Anomaly,no_action,none,0
62101,hannahsmith@example.net,50,F,United States,2026-06-08,4,7,308.19,44.03,2026-06-18,2026-06-11,9,7,0.25,77.05,0.5714,2.3333333333333335,1.1547005383792517,4.0,10.273,Dresses,Women,Allegra K,Active,Occasional,30,5.733955974663749,4.357349646961441,1.6094379124341003,3,1,Anomaly,no_action,none,0
32837,jessicacoleman@example.net,25,F,Spain,2026-05-25,4,5,307.86,61.57,2026-06-24,2026-06-07,3,17,0.0,76.96,0.2353,5.666666666666666,5.686240703077327,4.0,10.262,Blazers & Jackets,Women,Allegra K,Active,Occasional,30,5.732888099794855,4.35619587463936,1.6094379124341003,3,1,Anomaly,no_action,none,0
98130,isaacmiller@example.com,51,M,France,2025-10-18,4,6,302.28,50.38,2026-05-27,2026-05-16,31,11,0.25,75.57,0.3636,3.6666666666666665,2.3094010767585034,4.0,10.075999999999999,Pants,Men,Marrikas,Warm,Occasional,30,5.714656471208079,4.338205355125032,1.6094379124341003,3,1,Anomaly,no_action,none,0
65824,lancelyons@example.org,39,M,Brasil,2026-05-23,4,9,300.07,33.34,2026-06-17,2026-05-29,10,19,0.0,75.02,0.2105,6.333333333333333,3.7859388972001824,4.0,10.002333333333333,Underwear,Men,American Apparel,Active,Occasional,30,5.707342795850958,4.330996463561102,1.6094379124341003,3,1,Anomaly,no_action,none,0
1304,travisthomas@example.org,32,M,France,2026-05-29,4,4,292.95,73.24,2026-06-24,2026-05-31,3,24,0.5,73.24,0.1667,8.0,7.211102550927978,4.0,9.764999999999999,Jeans,Men,7 For All Mankind,Active,Occasional,30,5.683409684848264,4.307303088477945,1.6094379124341003,3,1,Anomaly,no_action,none,0
83095,robertellis@example.net,38,M,China,2025-12-09,4,5,287.88,57.58,2026-06-19,2026-05-23,8,27,0.0,71.97,0.1481,9.0,7.000000000000001,4.0,9.596,Accessories,Men,Lorpen,Active,Occasional,30,5.666011376969203,4.290048397777529,1.6094379124341003,3,1,Anomaly,no_action,none,0
6151,taylordennis@example.com,25,F,Brasil,2026-06-13,4,4,283.47,70.87,2026-06-26,2026-06-13,1,13,0.0,70.87,0.3077,4.333333333333333,2.3094010767585034,4.0,9.449000000000002,Fashion Hoodies & Sweatshirts,Women,Kenneth Cole,Active,Occasional,30,5.650627799851681,4.274858931480352,1.6094379124341003,3,1,Anomaly,no_action,none,0
